group,team,played,wins,draws,losses,goals_for,goals_against,points,combined_strength,goal_difference,group_position
L,Croatia,3,1,1,1,4,3,4,0.5712003525475198,1,3
A,South Africa,3,1,1,1,4,4,4,0.10355341187384555,0,3
E,Côte d'Ivoire,3,1,1,1,3,3,4,0.40072889936830103,0,3
F,Sweden,3,1,1,1,5,6,4,0.41605621814568594,-1,3
J,Algeria,3,1,1,1,4,5,4,0.46221456872723155,-1,3
G,Egypt,3,1,0,2,6,7,3,0.41545791077669325,-1,3
D,Turkey,3,1,0,2,4,5,3,0.49283841723144073,-1,3
C,Brazil,3,0,2,1,5,6,2,0.6498826884033833,-1,3
